model,mean_probability,observed_rate
logistic_regression,0.008850719602909316,0.008409556313993174
logistic_regression,0.01545650046676061,0.012341633901266929
logistic_regression,0.019759688106270143,0.016708985174870995
logistic_regression,0.025786315528173523,0.01847443873410874
logistic_regression,0.029976814239770746,0.019130578603522894
logistic_regression,0.032596673949373225,0.019604095563139932
logistic_regression,0.036135774849579416,0.02301832181962155
logistic_regression,0.04024670016011525,0.0220293178281877
logistic_regression,0.04634412008484883,0.02850278475483237
logistic_regression,0.07542735556238678,0.031081856171305274
temporal_baseline,0.011505737112199516,0.007890569540763392
temporal_baseline,0.015231564077031055,0.01342848582246071
temporal_baseline,0.016471433843539166,0.017544328849188308
temporal_baseline,0.017505973000848548,0.018526736188151764
temporal_baseline,0.018784045524595505,0.021923696937130574
temporal_baseline,0.02159315374646328,0.024727964418585137
temporal_baseline,0.02751105407722852,0.024400895245373654
temporal_baseline,0.032997722658758645,0.021936294596514232
temporal_baseline,0.04052491859772704,0.016875563201441797
temporal_baseline,0.05518286987925806,0.03216382252559727
tuned_unweighted,0.009359680261776769,0.006856182759274816
tuned_unweighted,0.013327342777491442,0.013264998492613807
tuned_unweighted,0.01478883775395537,0.016838460933196946
tuned_unweighted,0.01594707355248198,0.017476227190953483
tuned_unweighted,0.01779092779587141,0.022003490020721998
tuned_unweighted,0.020481156659569854,0.022471609170773517
tuned_unweighted,0.02459763384108463,0.023721357574407662
tuned_unweighted,0.03020371428974725,0.022689949638712504
tuned_unweighted,0.03539116010840133,0.02189940472939763
tuned_unweighted,0.05004715540845506,0.03219200524246396
tuned_sqrt_balanced,0.00772262082991969,0.010448209073301143
tuned_sqrt_balanced,0.011741661470815623,0.013495828562080812
tuned_sqrt_balanced,0.013098907798733152,0.01741002097921151
tuned_sqrt_balanced,0.014400034550578781,0.01822809754495443
tuned_sqrt_balanced,0.01669374174853768,0.017812192185618914
tuned_sqrt_balanced,0.020603552639713685,0.02080404103525491
tuned_sqrt_balanced,0.025569614929352055,0.02151983860121049
tuned_sqrt_balanced,0.031088021394253144,0.02353335755610833
tuned_sqrt_balanced,0.03714793232551146,0.023396123396123396
tuned_sqrt_balanced,0.05546540535481779,0.032742565334935414
tuned_balanced,0.0014426659203367225,0.015301098346168412
tuned_balanced,0.0019084798075756453,0.01754750593824228
tuned_balanced,0.002181503341533525,0.018253215978334462
tuned_balanced,0.0025016668472095643,0.022524997253049114
tuned_balanced,0.005131469986756186,0.0122348433009443
tuned_balanced,0.012016381934558071,0.011694628121755287
tuned_balanced,0.022228901910421827,0.017993174061433446
tuned_balanced,0.02923792347017998,0.024901023890784982
tuned_balanced,0.036672545740187155,0.02517543620129427
tuned_balanced,0.05171982322478891,0.033856655290102386
