event_action,count
add_ad_btn,749
analystlabel,40441
auto_subscription_click,5939
automatic_return_to_chat,2751
back_to_change_phone,181
back_to_options,32
backward_to_additional_information,3
backward_to_basic_data,6
backward_to_city,1
backward_to_description,2
backward_to_documents,5
backward_to_options,1
backward_to_photo,2
backward_to_price,3
calculate,265
callback button,30
callback requested,41
chat established,2066
chat requested,2114
click_auto,50
click_auto_subscription,396
click_buy_auto,211
click_car_buyback,1816
click_car_selection,35
click_credit,10
click_free_car_selection,181
click_go_to_car_search,53
click_insurance,23
click_no_help_needed,241
click_on_android,1
click_on_apple,1
click_on_category,924
click_on_close,3
click_on_confirm_sms_code,13037
click_on_contact_us,495
click_on_create_new_account,5
click_on_create_new_account_confirmation,4
click_on_credit_btn,10
click_on_get_code,13750
click_on_help_in_finding,4
click_on_logo,27075
click_on_menu,9542
click_on_my_ads,718
click_on_my_data,3425
click_on_ok,29
click_on_phone,31
click_on_privacy_policy,87
click_on_request_call,50
click_on_start_chatting,4756
click_on_subscription,15875
click_on_terms,143
click_on_wallet,194
click_on_yes_its_me,569
click_pos_credit,302
click_sell,6
click_sell_car,2
click_setelem_credit,241
click_skip_form_lets_get_acquainted,1635
click_titul,1
client answer on agent request,19
client initiate chat,480
close_form,43
code_sms_entered_success,10574
code_sms_incorrect_in,863
code_sms_limit_error,210
continue in social,1
form_request_call_sent,34
forward_to_additional_information,45
forward_to_city,59
forward_to_description,52
forward_to_documents,46
forward_to_options,116
forward_to_photo,52
forward_to_preview,44
forward_to_price,58
forward_to_to_publish,44
from_credit_landing_pos,2
go_to_car_card,973666
go_to_job,4011
go_to_my_idea,2319
go_to_offer,21429
go_to_press_center,300
go_to_privacy_partners,2543
go_to_privacy_policy,1385
go_to_special_offers,4310
go_to_support,1250
go_to_terms,6314
green_day_road_help_banner_show,1323
greenday_get_discount,1788
greenday_get_gift,10610
greenday_go_to_car_card,1792
greenday_sub_call_number_click,3
greenday_sub_callback_submit_click,950
greenday_sub_footer_link_click,45
greenday_sub_header_link_click,252
greenday_sub_landing,5
greenday_sub_open_dialog_click,84
greenday_sub_rules,7
greenday_sub_submit_error,37
greenday_sub_submit_success,698
greenday_sub_view_cars_click,1974
greenday_sub_view_faq_click,477
greenday_view_new_card,4
insurance_show,81
jivo_facebook,53
jivo_telegram,220
jivo_viber,148
jivo_vkontakte,81
listing_ads_sort,64607
mobile call,27
name_entered,6546
name_entered_on_form_request_call,42
new_year_road_help_banner_show,871
new_year_road_help_btn,1
offline form shown,175
offline message sent,53
open_offer,9789
pagination_click,248944
patronymic_entered,4686
phone_auth_start,1619
phone_auth_success,10576
phone_entered,13932
phone_entered_on_form_request_call,30
photos,158543
photos_all,181493
potential_banner_click,2
potential_banner_show,72
prechat phrase clicked,383
proactive invitation accepted,450
proactive invitation rejected,6240
proactive invitation shown,75147
quiz_show,214037
quiz_start,49097
rating_banner_show,1
read_more,24
request,5
request_success,4
sap_search_form_cost_from,188129
sap_search_form_cost_to,356596
sber_id_auth_back_error,48
sber_id_auth_click_on_deactivation,10
sber_id_auth_error,2
sber_id_auth_show_deactivation_popup,15
sber_id_auth_start,5027
sber_id_auth_success,1816
scrolling_to_advantages,4701
scrolling_to_help_in_finding_banner,432
scrolling_to_services,6427
scrolling_to_sub_banner,275
scrolling_to_sub_quick_categories,325
search_body_type,39052
search_color,13362
search_drive,21736
search_engine,23066
search_form_clear,22910
search_form_cost_from,13082
search_form_cost_to,41386
search_form_mark_multiselect,1726
search_form_mark_select,222652
search_form_model_multiselec,33985
search_form_model_select,211890
search_form_modification_select,26090
search_form_region,512069
search_form_rental,59150
search_form_search_btn,433748
search_form_search_car_type_select,174877
search_form_year_from,32614
search_form_year_to,15525
search_km_from,13626
search_km_to,26489
search_kpp,79465
search_power_from,21685
search_power_to,12552
search_steering_wheel,13634
send_code_sms_again,241
setelem_credit_form_button,16
setelem_postzalog_retargeting_button,2
share_btn,1640
show_captha_error,100
show_form_lets_get_acquainted,7413
show_phone_input,32035
show_plug_entered_six_months_ago,13
show_popup_error_confirmation,2
show_popup_this_is_your_account,577
show_pos_status_declined,1
show_sms_code_input,13144
showed_active_invitation,8237
showed_call_options,497
showed_form_request_call,33
showed_number_ads,326274
sravni_credit_form_button,5
start_auth,39319
start_chat,66287
sub_account_page,1613
sub_banner_click,74
sub_call_number_click,3653
sub_callback_submit_click,3074
sub_car_claim_click,37928
sub_car_claim_submit_click,12359
sub_car_page,130310
sub_car_request_submit_click,2966
sub_custom_failed_submit_click,28
sub_custom_question_submit_click,619
sub_faq,56034
sub_footer_link_click,3670
sub_header_link_click,79192
sub_landing,1798117
sub_offer_click,69291
sub_open_dialog_click,25870
sub_submit_error,56
sub_submit_success,18439
sub_view_cars_click,791515
sub_view_faq_click,43232
success_ad_creation,33
surname_entered,5154
survey_buy_after_sell_start,3
survey_buy_after_sell_when,1
tap_on_phone_495,689
tap_on_phone_800,745
tesla_banner_show,10
tinkoff_credit_form_button,5
titul_page_view,1
toggle_leasing_cars_show,30907
typing_in_leasing_chat,5597
user gave contacts during chat,715
user_message,4431
view_card,3558985
view_more_click,109971
view_new_card,3551009
view_used_card,5304
