feature,period,js_divergence_bits,unseen_fraction
utm_source,validation,0.10722170530459355,0.05931737639054712
utm_source,test,0.20416858553133738,0.08477931439337055
utm_medium,validation,0.06562300005623962,0.010889381621088939
utm_medium,test,0.14370426129275707,0.00023208507965979058
utm_campaign,validation,0.2217111379611953,0.10154452593476984
utm_campaign,test,0.37524852804545483,0.20432497371977776
utm_adcontent,validation,0.22541500194381384,0.2277370326150814
utm_adcontent,test,0.3798995227914645,0.43517317642561676
utm_keyword,validation,0.773934387664784,0.1885231299865446
utm_keyword,test,0.7980737580860455,0.1911889582110336
device_category,validation,0.0023768084281760382,0.0
device_category,test,0.013713970197262455,0.0
device_os,validation,0.7921263804440787,7.580495385373434e-06
device_os,test,0.7919416478638012,1.0921650807519557e-05
device_brand,validation,0.006777762475910657,3.0321981541493737e-05
device_brand,test,0.024540358124498743,7.3721142950757e-05
device_screen_resolution,validation,0.014884110389929388,0.0019368165709629124
device_screen_resolution,test,0.04287918474694705,0.00787177981951972
device_browser,validation,0.008133146838628006,4.927322000492732e-05
device_browser,test,0.017331554284272136,4.641701593195812e-05
geo_country,validation,0.0009636345887010223,4.927322000492732e-05
geo_country,test,0.001458875833853401,4.095619052819834e-05
geo_city,validation,0.0120236866416809,0.0008641764739325715
geo_city,test,0.029248669062237727,0.0006907944135756119
