date,count
2021-05-19,14605
2021-05-21,13497
2021-05-22,13917
2021-05-23,18773
2021-05-24,513035
2021-05-25,235805
2021-05-26,158382
2021-05-27,122645
2021-05-28,70517
2021-05-29,56477
2021-05-30,56847
2021-05-31,67102
2021-06-01,40388
2021-06-02,39316
2021-06-03,36828
2021-06-04,29571
2021-06-05,26757
2021-06-06,29196
2021-06-07,36148
2021-06-08,31718
2021-06-09,34209
2021-06-10,31603
2021-06-11,53242
2021-06-12,58255
2021-06-13,60946
2021-06-14,62412
2021-06-15,55212
2021-06-16,51602
2021-06-17,53785
2021-06-18,55326
2021-06-19,44719
2021-06-20,44040
2021-06-21,53949
2021-06-22,52846
2021-06-23,46700
2021-06-24,45318
2021-06-25,53990
2021-06-26,42159
2021-06-27,43898
2021-06-28,134588
2021-06-29,152641
2021-06-30,58638
2021-07-01,55766
2021-07-02,45831
2021-07-03,41843
2021-07-04,44106
2021-07-05,50097
2021-07-06,47524
2021-07-07,40330
2021-07-08,38036
2021-07-09,36149
2021-07-10,31916
2021-07-11,32055
2021-07-12,48685
2021-07-13,57332
2021-07-14,63499
2021-07-15,53906
2021-07-16,44212
2021-07-17,39560
2021-07-18,37680
2021-07-19,40932
2021-07-20,33765
2021-07-21,31078
2021-07-22,35118
2021-07-23,29185
2021-07-24,23490
2021-07-25,28927
2021-07-26,31548
2021-07-27,37882
2021-07-28,40766
2021-07-29,37482
2021-07-30,38520
2021-07-31,32752
2021-08-01,31441
2021-08-02,36009
2021-08-03,42547
2021-08-04,40723
2021-08-05,41537
2021-08-06,62060
2021-08-07,40170
2021-08-08,37343
2021-08-09,36760
2021-08-10,34987
2021-08-11,36100
2021-08-12,44423
2021-08-13,36964
2021-08-14,32005
2021-08-15,33574
2021-08-16,44100
2021-08-17,48291
2021-08-18,39095
2021-08-19,47892
2021-08-20,45845
2021-08-21,44639
2021-08-22,46178
2021-08-23,48258
2021-08-24,41031
2021-08-25,36270
2021-08-26,42114
2021-08-27,46106
2021-08-28,51651
2021-08-29,58712
2021-08-30,83355
2021-08-31,82798
2021-09-01,62852
2021-09-02,61346
2021-09-03,68594
2021-09-04,54636
2021-09-05,75352
2021-09-06,73973
2021-09-07,66139
2021-09-08,62142
2021-09-09,56082
2021-09-10,56299
2021-09-11,56178
2021-09-12,50913
2021-09-13,52703
2021-09-14,143624
2021-09-15,58005
2021-09-16,50126
2021-09-17,44983
2021-09-18,36304
2021-09-19,42298
2021-09-20,45268
2021-09-21,47317
2021-09-22,133147
2021-09-23,168899
2021-09-24,153241
2021-09-25,66014
2021-09-26,66199
2021-09-27,64995
2021-09-28,55366
2021-09-29,61189
2021-09-30,127746
2021-10-01,79759
2021-10-02,60454
2021-10-03,59226
2021-10-04,65309
2021-10-05,80247
2021-10-06,79674
2021-10-07,84074
2021-10-08,77806
2021-10-09,72195
2021-10-10,73924
2021-10-11,80596
2021-10-12,86985
2021-10-13,80280
2021-10-14,81681
2021-10-15,75120
2021-10-16,71720
2021-10-17,70310
2021-10-18,79397
2021-10-19,84846
2021-10-20,83250
2021-10-21,94035
2021-10-22,62377
2021-10-23,58748
2021-10-24,61327
2021-10-25,75185
2021-10-26,71261
2021-10-27,68736
2021-10-28,62780
2021-10-29,130189
2021-10-30,71881
2021-10-31,58858
2021-11-01,63394
2021-11-02,55497
2021-11-03,51863
2021-11-04,39933
2021-11-05,43991
2021-11-06,44967
2021-11-07,51028
2021-11-08,64059
2021-11-09,75904
2021-11-10,79048
2021-11-11,73855
2021-11-12,71513
2021-11-13,88248
2021-11-14,87180
2021-11-15,131639
2021-11-16,127374
2021-11-17,130406
2021-11-18,116471
2021-11-19,95215
2021-11-20,82887
2021-11-21,89500
2021-11-22,86254
2021-11-23,79178
2021-11-24,76210
2021-11-25,71761
2021-11-26,63859
2021-11-27,56562
2021-11-28,58985
2021-11-29,70420
2021-11-30,82924
2021-12-01,95421
2021-12-02,98483
2021-12-03,100819
2021-12-04,93094
2021-12-05,107461
2021-12-06,107944
2021-12-07,113622
2021-12-08,104631
2021-12-09,106368
2021-12-10,99573
2021-12-11,85350
2021-12-12,88672
2021-12-13,88253
2021-12-14,58194
2021-12-15,62755
2021-12-16,96504
2021-12-17,109199
2021-12-18,112301
2021-12-19,118966
2021-12-20,106853
2021-12-21,280192
2021-12-22,131058
2021-12-23,122611
2021-12-24,121892
2021-12-25,108537
2021-12-26,109631
2021-12-27,105017
2021-12-28,107751
2021-12-29,113256
2021-12-30,104287
2021-12-31,108938
