feature,auc_drop_mean,auc_drop_std
utm_adcontent,0.02887257029145429,0.006386125268570521
utm_campaign,0.02308723542802471,0.008537541550584577
device_screen_resolution,0.020031243683013494,0.007788692723121762
utm_source,0.01639184959546495,0.00747068425310301
device_brand,0.00912242460535706,0.003152083097233211
geo_city,0.007004522772632489,0.0024459163838772176
device_browser,0.0041934415798498366,0.004696097928544107
utm_keyword,0.001251174573598135,0.002748379044533346
utm_medium,0.0008859091354015783,0.015069994865442915
geo_country,0.0008448123450710184,0.000637409846499377
device_os,0.00019743667374324167,0.000198753850302654
device_model,0.0,0.0
device_category,-0.0046173661067075615,0.001352256681651211
