rows,positive_rate,roc_auc,pr_auc_ap,brier_score,mean_probability,threshold,precision,recall,f1,predicted_positive_fraction,model,period,policy
263835,0.024424356131673205,0.5995149644211517,0.034341773318271596,0.023978378364144886,0.032849044057956425,0.038284947274131946,0.03467313898594404,0.40347610180012417,0.06385852879774039,0.2842155134838062,logistic_regression,validation,f1
263835,0.024424356131673205,0.5995149644211517,0.034341773318271596,0.023978378364144886,0.032849044057956425,0.03832859553903434,0.03467682641534657,0.4025450031036623,0.06385309357653633,0.28352947865142986,logistic_regression,validation,recall40
263835,0.024424356131673205,0.5995149644211517,0.034341773318271596,0.023978378364144886,0.032849044057956425,0.5,0.0,0.0,0.0,0.0,logistic_regression,validation,default_0.5
366245,0.019929282311021312,0.5922457223248697,0.027273663689947054,0.01992812695845241,0.033052980333992704,0.038284947274131946,0.02732280708218951,0.4063570352103028,0.051202817363382905,0.2963972204398695,logistic_regression,test,f1
366245,0.019929282311021312,0.5922457223248697,0.027273663689947054,0.01992812695845241,0.033052980333992704,0.03832859553903434,0.0273204871337956,0.4053979997259899,0.05119111464802865,0.29572280850250515,logistic_regression,test,recall40
366245,0.019929282311021312,0.5922457223248697,0.027273663689947054,0.01992812695845241,0.033052980333992704,0.5,0.0,0.0,0.0,0.0,logistic_regression,test,default_0.5
263835,0.024424356131673205,0.5940109610041194,0.04552338800553903,0.023706047392225447,0.0273959428993324,0.053847736155722505,0.06898758479457315,0.08364369956548727,0.07561198007996073,0.02961320522296132,temporal_baseline,validation,f1
263835,0.024424356131673205,0.5940109610041194,0.04552338800553903,0.023706047392225447,0.0273959428993324,0.03267501044045482,0.03273685143674886,0.40114835505896956,0.060533679909140936,0.29928932855762125,temporal_baseline,validation,recall40
263835,0.024424356131673205,0.5940109610041194,0.04552338800553903,0.023706047392225447,0.0273959428993324,0.5,1.0,0.00015518311607697082,0.0003103180760279286,3.790247692686717e-06,temporal_baseline,validation,default_0.5
366245,0.019929282311021312,0.5753913894086953,0.030852386126331774,0.019585893663789166,0.02571983344680465,0.053847736155722505,0.04219009243896658,0.09754760926154268,0.05890382626680455,0.04607844475692501,temporal_baseline,test,f1
366245,0.019929282311021312,0.5753913894086953,0.030852386126331774,0.019585893663789166,0.02571983344680465,0.03267501044045482,0.023869021973287375,0.30360323331963285,0.044258480711810586,0.2534915152425289,temporal_baseline,test,recall40
366245,0.019929282311021312,0.5753913894086953,0.030852386126331774,0.019585893663789166,0.02571983344680465,0.5,0.0,0.0,0.0,0.0,temporal_baseline,test,default_0.5
263835,0.024424356131673205,0.602696740419135,0.046960607516207196,0.02367307778893014,0.027165160202706623,0.048019943773475696,0.05242169373549884,0.11219739292364991,0.07145680964617514,0.0522750961775352,tuned_unweighted,validation,f1
263835,0.024424356131673205,0.602696740419135,0.046960607516207196,0.02367307778893014,0.027165160202706623,0.03367281001937296,0.035175879396984924,0.40192427063935443,0.06469016160051952,0.279075937612523,tuned_unweighted,validation,recall40
263835,0.024424356131673205,0.602696740419135,0.046960607516207196,0.02367307778893014,0.027165160202706623,0.5,0.5,0.00015518311607697082,0.00031026993484331366,7.580495385373434e-06,tuned_unweighted,validation,default_0.5
366245,0.019929282311021312,0.5890235951328194,0.0321273320233158,0.019509823701438323,0.023173459408467583,0.048019943773475696,0.04146058496672162,0.0930264419783532,0.057357661767190406,0.044715968818686946,tuned_unweighted,test,f1
366245,0.019929282311021312,0.5890235951328194,0.0321273320233158,0.019509823701438323,0.023173459408467583,0.03367281001937296,0.02739993101276264,0.25030826140567203,0.049393062802454785,0.18206118854864914,tuned_unweighted,test,recall40
366245,0.019929282311021312,0.5890235951328194,0.0321273320233158,0.019509823701438323,0.023173459408467583,0.5,0.0,0.0,0.0,0.0,tuned_unweighted,test,default_0.5
263835,0.024424356131673205,0.6114509064929321,0.04536916031308229,0.02369226937226877,0.02687321571419046,0.04579872999909627,0.0504247146026078,0.1446306641837368,0.07477835279014723,0.07005514810392859,tuned_sqrt_balanced,validation,f1
263835,0.024424356131673205,0.6114509064929321,0.04536916031308229,0.02369226937226877,0.02687321571419046,0.03462603449322023,0.036688630509342936,0.4000620732464308,0.06721330708764063,0.2663293346220175,tuned_sqrt_balanced,validation,recall40
263835,0.024424356131673205,0.6114509064929321,0.04536916031308229,0.02369226937226877,0.02687321571419046,0.5,0.0,0.0,0.0,0.0,tuned_sqrt_balanced,validation,default_0.5
366245,0.019929282311021312,0.5821037141160269,0.03140753757974011,0.019552124329899122,0.02331422446024358,0.04579872999909627,0.034923592992918376,0.12837374982874367,0.05490931465908758,0.07325697279143742,tuned_sqrt_balanced,test,f1
366245,0.019929282311021312,0.5821037141160269,0.03140753757974011,0.019552124329899122,0.02331422446024358,0.03462603449322023,0.028171458321281886,0.26688587477736675,0.050963412560335916,0.18880257750959056,tuned_sqrt_balanced,test,recall40
366245,0.019929282311021312,0.5821037141160269,0.03140753757974011,0.019552124329899122,0.02331422446024358,0.5,0.0,0.0,0.0,0.0,tuned_sqrt_balanced,test,default_0.5
263835,0.024424356131673205,0.5943447749347841,0.04683840417740027,0.02375473511225049,0.021751237331768335,0.04955199248969574,0.07552494919846467,0.10381750465549348,0.08743955038557051,0.03357401406181894,tuned_balanced,validation,f1
263835,0.024424356131673205,0.5943447749347841,0.04683840417740027,0.02375473511225049,0.021751237331768335,0.03274244024851769,0.03919810317050187,0.40021725636250777,0.07140286275921261,0.24937555669262987,tuned_balanced,validation,recall40
263835,0.024424356131673205,0.5943447749347841,0.04683840417740027,0.02375473511225049,0.021751237331768335,0.5,0.0,0.0,0.0,0.0,tuned_balanced,validation,default_0.5
366245,0.019929282311021312,0.5634459982446651,0.0305463080946375,0.019639162054393967,0.016498684007449974,0.04955199248969574,0.038618577747533175,0.09330045211672831,0.054626398748646374,0.048148097584949964,tuned_balanced,test,f1
366245,0.019929282311021312,0.5634459982446651,0.0305463080946375,0.019639162054393967,0.016498684007449974,0.03274244024851769,0.029504482989205345,0.29620495958350457,0.05366362192216045,0.20007645155565262,tuned_balanced,test,recall40
366245,0.019929282311021312,0.5634459982446651,0.0305463080946375,0.019639162054393967,0.016498684007449974,0.5,0.0,0.0,0.0,0.0,tuned_balanced,test,default_0.5
